{"loss": [NaN, NaN, NaN, NaN, NaN, NaN, NaN, NaN, NaN, NaN, NaN, NaN, NaN, NaN, NaN, NaN, NaN, NaN, NaN, NaN, 0.012514562559469292, 0.011705270284996329], "mean_absolute_error": [NaN, NaN, NaN, NaN, NaN, NaN, NaN, NaN, NaN, NaN, NaN, NaN, NaN, NaN, NaN, NaN, NaN, NaN, NaN, NaN, 0.02900019965858923, 0.012436260623959996], "mean_q": [NaN, NaN, NaN, NaN, NaN, NaN, NaN, NaN, NaN, NaN, NaN, NaN, NaN, NaN, NaN, NaN, NaN, NaN, NaN, NaN, 0.07000787742435932, 0.01891044477448905], "mean_eps": [NaN, NaN, NaN, NaN, NaN, NaN, NaN, NaN, NaN, NaN, NaN, NaN, NaN, NaN, NaN, NaN, NaN, NaN, NaN, NaN, 0.9549658000000001, 0.9538552], "episode_reward": [6.0, 1.0, 0.0, 10.0, 7.0, 4.0, 1.0, 2.0, 0.0, -1.0, 2.0, 2.0, 0.0, 0.0, 2.0, -2.0, 3.0, 1.0, 4.0, 1.0, 1.0, 6.0], "nb_episode_steps": [2390, 2372, 2395, 2377, 2387, 2398, 2366, 2390, 2389, 2384, 2379, 2396, 2387, 2370, 2389, 2373, 2395, 2379, 2389, 2391, 2380, 2393], "nb_steps": [2390, 4762, 7157, 9534, 11921, 14319, 16685, 19075, 21464, 23848, 26227, 28623, 31010, 33380, 35769, 38142, 40537, 42916, 45305, 47696, 50076, 52469], "episode": [0, 1, 2, 3, 4, 5, 6, 7, 8, 9, 10, 11, 12, 13, 14, 15, 16, 17, 18, 19, 20, 21], "duration": [8.753569085999999, 11.508462459, 10.830230147000002, 10.037127566000002, 10.109723473999999, 9.937645335, 10.014226617000006, 11.826115531, 10.264650219999993, 10.050583731000003, 10.100913298000009, 10.77652359999999, 11.062452608000001, 10.354792172999993, 10.415005760999975, 10.659076131000006, 10.603672989000017, 9.82051794200001, 10.660942739000006, 10.964409173999996, 14.490158150000013, 89.631826612]}